company,role,applied_via,applied_on,first_reply_on,first_reply_type,first_reply_sender,final_status,days_to_first_reply,instant_rejection,interview,assessment
Arcana,,LinkedIn,2026-07-30,,,No reply,Ghosted (no reply),,,,
Guidehouse,Data Analyst (41713),Workday,2026-07-30,2026-08-13,Rejection,Automated,Rejected,14.0,,,
RUDOLPH USINADOS SK,Financial analyst,Profesia,,2026-07-30,Rejection,Template (named sender),Rejected,,,,
Kronospan,Data Analyst (Controlling),Profesia,,2026-07-28,Rejection,Template (named sender),Rejected,,,,
Sonata Software,Billing analyst,Indeed,2026-07-28,,,No reply,Ghosted (no reply),,,,
Advice with Accounts Chennai Pvt Ltd,Finance Data Entry Analyst,Indeed,2026-07-21,,,No reply,Ghosted (no reply),,,,
CorpWeb Solutions,Data Science Intern,GoHire,2026-07-21,,,No reply,Ghosted (no reply),,,,
Cp career solution,Junior Data Analyst,Indeed,2026-07-21,,,No reply,Ghosted (no reply),,,,
Optimspace,Business Analyst Intern,Indeed,2026-07-21,,,No reply,Ghosted (no reply),,,,
Optimspace,Data Analyst Intern,Indeed,2026-07-21,,,No reply,Ghosted (no reply),,,,
Unknown (Unstop listing),Data Analyst,Unstop,2026-07-21,,,No reply,Ghosted (no reply),,,,
iiv health,Data Analyst,Indeed,2026-07-21,,,No reply,Ghosted (no reply),,,,
Barclays,Data Analyst,Workday,2026-07-20,,,No reply,Ghosted (no reply),,,,
Bosch,Expert for Corporate Accounting & Reporting - External Audit Coordination,SmartRecruiters,2026-07-19,2026-08-04,Rejection,Automated,Rejected,16.0,,,
Henkel,Accountant Fixed Assets & Closing (m/f) (26098358),Email (Henkel),2026-07-19,2026-07-20,Rejection,Automated,Rejected,1.0,Yes,,
Johnson Controls,Accounting & Finance Rotational Analyst (WD30273533),Workday,2026-07-19,2026-08-20,Rejection,Automated,Rejected,32.0,,,
LEONI,HR Analytics Specialist (m/f/d),SmartRecruiters,2026-07-19,,,No reply,Ghosted (no reply),,,,
Talent Solutions (agency),Finance Data Analyst,Email (Agency),2026-07-19,2026-07-25,Rejection,Template (named sender),Rejected,6.0,,,
轻舟智航 (QCraft),,LinkedIn,2026-07-17,,,No reply,Ghosted (no reply),,,,
Cushman & Wakefield,Investment Analyst/Junior Investment Analyst,Profesia,2026-07-16,,,No reply,Ghosted (no reply),,,,
MUZIKER,IT Business Analyst,Profesia,2026-07-16,2026-08-10,Rejection,Template (named sender),Rejected,25.0,,,
Mahindra and Mahindra,Data Analytics Engineer - (Mahindra Contract role) - MRV Chennai,LinkedIn,,2026-07-16,Rejection,Automated,Rejected,,,,
Mondi SCP,Finance Controller for international Finance department team (m/f),Profesia,,2026-07-16,Rejection,Template (named sender),Rejected,,,,
RUDOLPH USINADOS SK,Finančný a účtovný analytik,Profesia,2026-07-16,,,No reply,Ghosted (no reply),,,,
Vertiv,Materials Management Analyst,Profesia,2026-07-16,,,No reply,Ghosted (no reply),,,,
Mondelēz International,Data Analyst (m/f) R-172773,Workday,2026-07-14,2026-08-27,Rejection,Automated,Rejected,44.0,,,
Officeworks GCC India,,LinkedIn,2026-07-14,,,No reply,Ghosted (no reply),,,,
Talent500 (Officeworks),Associate Data Analyst,Talent500,2026-07-14,2026-07-15,Rejection,Automated,Rejected,1.0,Yes,,
Amadora Gourmet Ice Cream & Sorbet,,LinkedIn,2026-07-13,,,No reply,Ghosted (no reply),,,,
Enterprise Minds,,LinkedIn,2026-07-13,,,No reply,Ghosted (no reply),,,,
Klarstein,BI Data Analyst,Greenhouse,2026-07-13,2026-07-15,Rejection,Automated,Rejected,2.0,,,
Mahindra and Mahindra,,LinkedIn,2026-07-13,,,No reply,Ghosted (no reply),,,,
Qualco Group,,LinkedIn,2026-07-13,,,No reply,Ghosted (no reply),,,,
Qualco Group,Digital Data and BI Analyst,Workable,2026-07-13,2026-07-17,Rejection,Template (named sender),Rejected,4.0,,,
localhost s.r.o.,"(Junior Data Engineer, per Profesia)",Recruitis,,2026-07-12,Rejection,Automated,Rejected,,,,
American Express,Apprentice,Email,2026-07-11,2026-09-05,Rejection,Automated,Rejected,56.0,,,
InCred Wealth,,LinkedIn,2026-07-11,,,No reply,Ghosted (no reply),,,,
Jobgether,,LinkedIn,2026-07-11,,,No reply,Ghosted (no reply),,,,
Jobgether,"Financial Data Sales Associate, APAC",Email,2026-07-11,,,No reply,Ghosted (no reply),,,,
Neu Money,,LinkedIn,2026-07-11,,,No reply,Ghosted (no reply),,,,
Yubi Markets,,LinkedIn,2026-07-11,,,No reply,Ghosted (no reply),,,,
Zurich Insurance,Junior Pricing Analyst Nordics (135340),Zurich Careers,2026-07-11,2026-07-15,Rejection,Automated,Rejected,4.0,,,
eClerx,,LinkedIn,2026-07-11,,,No reply,Ghosted (no reply),,,,
Acabes International,,LinkedIn,2026-07-10,,,No reply,Ghosted (no reply),,,,
Hochstrasser Personal,Junior Business Controller Commodity Trading,LinkedIn,,2026-07-10,Rejection,Automated,Rejected,,,,
Taxlabs,,LinkedIn,2026-07-10,,,No reply,Ghosted (no reply),,,,
VCEFE Global Solutions,Business Analyst Professional Program - Paid Internship,Indeed,2026-07-08,,,No reply,Ghosted (no reply),,,,
Barclays,Analyst in Finance Data Operations (Evergreen) (JR-0000082592),Workday,,2026-07-07,Rejection,Automated,Rejected,,,,
Slovnaft (MOL Group),FINANCE (Controlling) GROWWWER,MOL Careers,,2026-07-02,Rejection,Automated,Rejected,,,,
SAMCO Aircraft Maintenance,Junior Finančný/á kontrolór/ka,Profesia,2026-07-01,,,No reply,Ghosted (no reply),,,,
Recrutis (agency),Data Analyst — SQL · Python · BI | Pharma Manufacturing,LinkedIn,,2026-06-30,Rejection,Automated,Rejected,,,,
DSV,Billing Specialist,SuccessFactors,2026-06-29,,,No reply,Ghosted (no reply),,,,
WIT Partners SA,Data analyst (H/F),LinkedIn,,2026-06-28,Rejection,Automated,Rejected,,,,
Covestro,Junior Accountant Accounts Receivable,Workday,2026-06-27,,,No reply,Ghosted (no reply),,,,
Strategic Staffing Solutions,,LinkedIn,2026-06-26,,,No reply,Ghosted (no reply),,,,
Swiss Re,Data & AI Enablement Analyst,Swiss Re Careers,2026-06-26,2026-06-29,Rejection,Automated,Rejected,3.0,,,
Zurich Insurance,Junior Data Scientist - Applied AI/ML (134846),Zurich Careers,2026-06-26,2026-08-06,Rejection,Automated,Rejected,41.0,,,
Záložňa (name truncated),Analytička/Analytik v Prešove,Profesia,2026-06-26,,,No reply,Ghosted (no reply),,,,
ČSOB Finančná skupina,,LinkedIn,2026-06-26,,,No reply,Ghosted (no reply),,,,
Banskobystrický samosprávny kraj (BBSK),Dátový analytik (muž / žena) – junior/senior,Profesia,2026-06-25,2026-07-14,Rejection,Template (named sender),Rejected,19.0,,,
Boost Inc,Client Operations & Finance Analyst (Junior),Personio,2026-06-25,2026-08-25,Rejection,Automated,Rejected,61.0,,,
Cencora,Accounts Payable Specialist (R268293),Workday,,2026-06-25,Rejection,Automated,Rejected,,,,
Kajah Balm & Oil,Financial Analyst,Indeed,2026-06-25,,,No reply,Ghosted (no reply),,,,
Recrutis,,LinkedIn,2026-06-25,,,No reply,Ghosted (no reply),,,,
Swiss Finance,,LinkedIn,2026-06-25,,,No reply,Ghosted (no reply),,,,
Synpulse,ALM Analyst (Graduate),HiBob,2026-06-25,2026-07-02,Rejection,Automated,Rejected,7.0,,,
Talent Solutions (agency),Finance Support Specialist s nemčinou,Profesia,2026-06-25,,,No reply,Ghosted (no reply),,,,
Tiger Recruitment,,LinkedIn,2026-06-25,,,No reply,Ghosted (no reply),,,,
Vertiv,Financial Analyst,Profesia,2026-06-25,,,No reply,Ghosted (no reply),,,,
Vertiv,Materials Management Analyst,Profesia,2026-06-25,,,No reply,Ghosted (no reply),,,,
Visteon,Finance Analyst 1,Profesia,2026-06-25,,,No reply,Ghosted (no reply),,,,
WIT Partners SA,,LinkedIn,2026-06-25,,,No reply,Ghosted (no reply),,,,
localhost sro,Join us as a Junior Data Engineer!,Profesia,2026-06-25,,,No reply,Ghosted (no reply),,,,
Amazon,"Accounting Analyst, Finance Operations Accounting and Analysis (10456350)",Amazon Jobs,2026-06-24,2026-06-24,Assessment / test,Automated,Rejected after assessment,0.0,,,Yes
EY,Junior Data Engineer,EY Careers,2026-06-24,2026-08-26,Rejection,Automated,Rejected,63.0,,,
Hochstrasser Personal,,LinkedIn,2026-06-24,,,No reply,Ghosted (no reply),,,,
Infosys,Data Analytics Specialist,LinkedIn,,2026-06-24,Rejection,Automated,Rejected,,,,
La Fosse,,LinkedIn,2026-06-24,,,No reply,Ghosted (no reply),,,,
Nexora,Data Analyst,Unstop,2026-06-24,,,No reply,Ghosted (no reply),,,,
PwC,Junior Consultant – Accounting Advisory (m/f),Workday,2026-06-24,2026-06-25,Rejection,Automated,Rejected,1.0,Yes,,
Swiss Re,Junior Finance Specialist (Hybrid),Swiss Re Careers,2026-06-24,2026-07-01,Rejection,Automated,Rejected,7.0,,,
Auto Palace Panónska (AutoBinck),JUNIOR ÚČTOVNÍK/JUNIOR ÚČTOVNÍČKA,Teamio,,2026-06-23,Rejection,Automated,Rejected,,,,
Caterpillar,Junior Data Analyst (Evergreen) R0000378328,Workday,2026-06-23,2026-07-02,Rejection,Automated,Rejected,9.0,,,
EY,Junior konzultant/ka v oblasti štatistiky/ekonometrie,Profesia,2026-06-23,2026-06-29,Rejection,Template (named sender),Rejected,6.0,,,
Freshfields,Global Billing Analyst,Profesia,2026-06-23,,,No reply,Ghosted (no reply),,,,
IBM,Entry Level Sales Specialist (120392),IBM Careers,2026-06-23,2026-06-23,Assessment / test,Automated,Rejected after assessment,0.0,,,Yes
IBM,Technology & Consulting Associate (117885),IBM Careers,2026-06-23,,,No reply,Ghosted (no reply),,,,
(company not in snippet),Samostatný účtovník/účtovníčka - skrátený úväzok s možnosťou rozšírenia na plný úväzok,Profesia,2026-06-22,,,No reply,Ghosted (no reply),,,,
BDO,Audit Consultant,Profesia,2026-06-22,,,No reply,Ghosted (no reply),,,,
Bolder Group,Data Engineer,Email,2026-06-22,2026-07-01,Rejection,Template (named sender),Rejected,9.0,,,
Bolder Group,Investment Fund Operations Associate,Email,2026-06-22,,,No reply,Ghosted (no reply),,,,
Clarios,AP Junior Analyst,Workday,2026-06-22,2026-06-25,Rejection,Automated,Rejected,3.0,,,
Crossing Hurdles,,LinkedIn,2026-06-22,,,No reply,Ghosted (no reply),,,,
DEKRA kvalifikácia a poradenstvo,Junior účtovník/čka,Profesia,2026-06-22,,,No reply,Ghosted (no reply),,,,
Decathlon Schweiz,Junior Accounts Payable Accountant (m/f/x) – Fixed-term contract,DigitalRecruiters,,2026-06-22,Rejection,Automated,Rejected,,,,
"LES, s.r.o.",Ekonomicko-obchodný pracovník/pracovníčka,Profesia,2026-06-22,2026-07-02,Rejection,Template (named sender),Rejected,10.0,,,
Mercer,Junior Analyst (6 months internship),LinkedIn,,2026-06-22,Rejection,Automated,Rejected,,,,
Neplatsk (neplat.sk),Samostatná účtovníčka/ekonómka,Profesia,,2026-06-22,Rejection,Template (named sender),Rejected,,,,
VisionX by FASHIONOPTIC,Junior účtovník / účtovníčka,Profesia,2026-06-22,,,No reply,Ghosted (no reply),,,,
Wincent,,Ashby,,2026-06-22,Rejection,Automated,Rejected,,,,
Wood & Company Financial Services,Finance Analyst – pozícia pre študenta/ študentku - Bratislava,Teamio,,2026-06-22,Rejection,Automated,Rejected,,,,
YO HR Consultancy,Customer Support Assistant - Remote,Hiresome,,2026-06-22,Assessment / test,Automated,Ghosted after assessment,,,,Yes
Infosys,,LinkedIn,2026-06-21,,,No reply,Ghosted (no reply),,,,
Muziker,IT Business Analyst,Profesia,2026-06-21,2026-07-14,Rejection,Template (named sender),Rejected,23.0,,,
Arisan,Junior účtovník / Účtovník v účtovnej spoločnosti,Profesia,2026-06-20,,,No reply,Ghosted (no reply),,,,
Arisan,Účtovník v účtovnej spoločnosti + atraktívny balík benefitov,Profesia,2026-06-20,,,No reply,Ghosted (no reply),,,,
Auto MP,Účtovníčka / administratíva / marketing,Profesia,2026-06-20,,,No reply,Ghosted (no reply),,,,
Cushman & Wakefield,Accounts Receivable & Collections Specialist,Profesia,2026-06-20,,,No reply,Ghosted (no reply),,,,
Lugera & Makler (agency),Čiastkový účtovník/čiastková účtovníčka (PR/029842),Profesia,2026-06-20,,,No reply,Ghosted (no reply),,,,
PwC,AP Accountant (m/f),Workday,2026-06-20,2026-06-22,Rejection,Automated,Rejected,2.0,,,
TOPA STAV,Junior rozpočtár,Profesia,2026-06-20,,,No reply,Ghosted (no reply),,,,
VEDOS,Fakturant/Fakturantka,Profesia,2026-06-20,,,No reply,Ghosted (no reply),,,,
Andritz,SSC účtovník/fakturant,Profesia,,2026-06-19,Rejection,Template (named sender),Rejected,,,,
(company not in snippet),Finančný referent / účtovník (zastupovanie počas materskej dovolenky),Profesia,2026-06-19,,,No reply,Ghosted (no reply),,,,
(company not in snippet),Hľadáme účtovníčku s možnosťou rastu a rozvoja v audítorskej a daňovoporadenskej spoločnosti,Profesia,2026-06-19,,,No reply,Ghosted (no reply),,,,
(company not in snippet),Hľadáme šikovného účtovníka!,Profesia,2026-06-19,,,No reply,Ghosted (no reply),,,,
(company not in snippet),Junior Účtovník (hybridný pracovný model) - Skvelá príležitosť aj pre absolventov s angličtinou B2! Pridajte sa k nám!,Profesia,2026-06-19,,,No reply,Ghosted (no reply),,,,
(company not in snippet),Junior účtoník/účtovníčka s praxou 1 rok - práca je vhodná aj pre absolventov,Profesia,2026-06-19,,,No reply,Ghosted (no reply),,,,
(company not in snippet),Komplexný účtovník v účtovnej spoločnosti + atraktívny balík benefitov,Profesia,2026-06-19,,,No reply,Ghosted (no reply),,,,
(company not in snippet),Rozpočtárka s vášnivým prístupom a organizačnými schopnosťami – staňte sa súčasťou nášho tímu! Ref. č.Bratislava,Profesia,2026-06-19,,,No reply,Ghosted (no reply),,,,
(company not in snippet),Technik/kalkulant junior - práca vhodná pre absolventa (p926),Profesia,2026-06-19,,,No reply,Ghosted (no reply),,,,
(company not in snippet),Účtovník/účtovníčka - zamestnanec/zamestnankyňa pri výkone práce vo verejnom záujme,Profesia,2026-06-19,,,No reply,Ghosted (no reply),,,,
(company not in snippet),"Účtovník/čka, ktorý/á rozumie číslam v súvislostiach - s konzultačným presahom (QI)",Profesia,2026-06-19,,,No reply,Ghosted (no reply),,,,
1.day,Účtovník senior,Profesia,2026-06-19,,,No reply,Ghosted (no reply),,,,
"2J Antennas, sro",Junior Accountant,Profesia,2026-06-19,,,No reply,Ghosted (no reply),,,,
ABEL - Computer,Samostatný účtovník / Účtovníčka,Profesia,2026-06-19,2026-06-24,Rejection,Template (named sender),Rejected,5.0,,,
"AGROPARK LIPTOV, sro",Samostatný účtovník/účtovníčka,Profesia,2026-06-19,,,No reply,Ghosted (no reply),,,,
APV AUDIT,"Účtovníčka, mzdová účtovníčka",Profesia,2026-06-19,,,No reply,Ghosted (no reply),,,,
"ARVUM, Poľnohospodárske družstvo",Účtovníčka/účtovník,Profesia,2026-06-19,,,No reply,Ghosted (no reply),,,,
AUTO-Prestige - Effective CarService,Junior účtovník/junior účtovníčka,Profesia,2026-06-19,,,No reply,Ghosted (no reply),,,,
AUTODIELYBB,Pomocná účtovníčka– spracovanie dokladov a administratíva,Profesia,2026-06-19,2026-06-22,Rejection,Template (named sender),Rejected,3.0,,,
Adviterra,Junior účtovník/účtovníčka,Profesia,2026-06-19,,,No reply,Ghosted (no reply),,,,
Asterion,Fakturant / Junior účtovník,Profesia,2026-06-19,,,No reply,Ghosted (no reply),,,,
AuJob (agency),Asistent audítora - pre absolventov,Profesia,2026-06-19,,,No reply,Ghosted (no reply),,,,
BEAUTEX sro,Účtovník/Účtovníčka,Profesia,2026-06-19,2026-06-22,Rejection,Template (named sender),Rejected,3.0,,,
BMTC,"Mzdový účtovník, účtovník",Profesia,2026-06-19,,,No reply,Ghosted (no reply),,,,
Bestreal sro,Samostatný účtovník,Profesia,2026-06-19,,,No reply,Ghosted (no reply),,,,
CESORG o.z.,Účtovníčka / administratíva,Profesia,2026-06-19,,,No reply,Ghosted (no reply),,,,
"CIPI, sro",Účtovník,Profesia,2026-06-19,,,No reply,Ghosted (no reply),,,,
CLA Slovakia sro,Účtovník/Účtovníčka (Bratislava),Profesia,2026-06-19,2026-06-26,Rejection,Template (named sender),Rejected,7.0,,,
Central Invest,Účtovníčka,Profesia,2026-06-19,,,No reply,Ghosted (no reply),,,,
Centrum (name truncated),"Odborný referent/ka - účtovník/čka pre Trnava, Holíč, Senica",Profesia,2026-06-19,,,No reply,Ghosted (no reply),,,,
Collective Services,Hľadáme do tímu šikovného/nú účtovníka/čku!,Profesia,2026-06-19,,,No reply,Ghosted (no reply),,,,
DMK CONSULTING,Samostatný účtovník,Profesia,2026-06-19,,,No reply,Ghosted (no reply),,,,
"DOMOVINA, n.o.",Ekonómka / účtovníčka,Profesia,2026-06-19,,,No reply,Ghosted (no reply),,,,
DONGHEE Slovakia,Senior profesionál finančného oddelenia (m/ž),Profesia,2026-06-19,,,No reply,Ghosted (no reply),,,,
"EDEL VENT, sro",Účtovník/Účtovníčka,Profesia,2026-06-19,,,No reply,Ghosted (no reply),,,,
"EXIM - TECH, sro",Samostatný účtovník/účtovníčka,Profesia,2026-06-19,2026-09-21,Rejection,Template (named sender),Rejected,94.0,,,
"Etops SK, sro",Fund Accountant,Profesia,2026-06-19,,,No reply,Ghosted (no reply),,,,
"EuroEkonom, sro",Účtovníčka Banská Bystrica,Profesia,2026-06-19,2026-06-24,Rejection,Template (named sender),Rejected,5.0,,,
Forvis Mazars,Junior Accountant - Nitra,Profesia,2026-06-19,,,No reply,Ghosted (no reply),,,,
GRiT Solutions,Data Analyst - GCP,LinkedIn,,2026-06-19,Rejection,Automated,Rejected,,,,
Geodetický a kartografický ústav Bratislava,"Hlavný účtovník, rozpočtár",Profesia,2026-06-19,,,No reply,Ghosted (no reply),,,,
Geodetický a kartografický ústav Bratislava,Vedúci ekonomického odboru,Profesia,2026-06-19,,,No reply,Ghosted (no reply),,,,
Highgate Management sro,Účtovníčka/účtovník s Pohodou,Profesia,2026-06-19,,,No reply,Ghosted (no reply),,,,
"IKAR, a.s.",Pomocný účtovník,Profesia,2026-06-19,,,No reply,Ghosted (no reply),,,,
Ing. Katarína Beňová ECOS,Účtovník/ účtovníčka,Profesia,2026-06-19,,,No reply,Ghosted (no reply),,,,
International Mobility Slovakia,Samostatný účtovník/ účtovníčka,Profesia,2026-06-19,,,No reply,Ghosted (no reply),,,,
LABAŠ sro,Účtovník/Účtovníčka,Profesia,2026-06-19,,,No reply,Ghosted (no reply),,,,
LamachFin,Junior účtovník / pomocný účtovník,Profesia,2026-06-19,,,No reply,Ghosted (no reply),,,,
Lenovo,Power BI Developer - WW Incentives & Commissions,Avature,,2026-06-19,Rejection,Automated,Rejected,,,,
Lodgify,Apply for Future Jobs in Sales (talent pool),Lever,2026-06-19,,,No reply,Ghosted (no reply),,,,
Lugera & Maklér,Hlavný účtovník/hlavná účtovníčka  Ref. č.PR/029679,Profesia,2026-06-19,2026-06-22,Rejection,Template (named sender),Rejected,3.0,,,
M - OFFICE sro,Účtovník junior,Profesia,2026-06-19,,,No reply,Ghosted (no reply),,,,
MDAT,"Účtovník, administratívny pracovník",Profesia,2026-06-19,,,No reply,Ghosted (no reply),,,,
MIROMAX,Účtovníčka,Profesia,2026-06-19,,,No reply,Ghosted (no reply),,,,
MJM TRANS. sro.,Účtovník/čka – polovičný úväzok / živnosť - Stupava,Profesia,2026-06-19,,,No reply,Ghosted (no reply),,,,
MOTOKOM SLOVAKIA sro,Účtovník/čka,Profesia,2026-06-19,2026-06-22,Rejection,Template (named sender),Rejected,3.0,,,
ManpowerGroup Slovensko (agency),Finančný účtovník/finančná účtovníčka – dane a reporting,Profesia,2026-06-19,,,No reply,Ghosted (no reply),,,,
ManpowerGroup Slovensko (agency),Samostatný účtovník/Samostatná účtovníčka,Profesia,2026-06-19,,,No reply,Ghosted (no reply),,,,
ManpowerGroup Slovensko sro,Účtovník/účtovníčka,Profesia,2026-06-19,,,No reply,Ghosted (no reply),,,,
Mercer,,LinkedIn,2026-06-19,,,No reply,Ghosted (no reply),,,,
Miraceli sro,Účtovník/účtovníčka,Profesia,2026-06-19,,,No reply,Ghosted (no reply),,,,
NEEDLE RECRUITMENT (agency),Účtovník/Účtovníčka Ref. č.250,Profesia,2026-06-19,,,No reply,Ghosted (no reply),,,,
OKIN FACILITY SK,Junior účtovníčka,Profesia,2026-06-19,,,No reply,Ghosted (no reply),,,,
"PERSONALITY, s.r.o. (agency)",Účtovník / Účtovníčka v stabilnej spolčnosti,Profesia,2026-06-19,,,No reply,Ghosted (no reply),,,,
PETROSTAV SK,Pomocný účtovník/ekonóm,Profesia,2026-06-19,,,No reply,Ghosted (no reply),,,,
PRIMA RE GROUP sro,Accountant,Profesia,2026-06-19,,,No reply,Ghosted (no reply),,,,
"PreMVO, sro",Junior účtovníčka / junior účtovník – Žilina,Profesia,2026-06-19,,,No reply,Ghosted (no reply),,,,
"Property First, družstvo",Ekonomický pracovník/Účtovník,Profesia,2026-06-19,,,No reply,Ghosted (no reply),,,,
PwC,AR & Billing Specialist (m/f),Workday,2026-06-19,,,No reply,Ghosted (no reply),,,,
PwC,Credit and Collection Support (m/f),Workday,2026-06-19,,,No reply,Ghosted (no reply),,,,
"PÖTTINGER STROJE, sro",Účtovník/účtovníčka,Profesia,2026-06-19,,,No reply,Ghosted (no reply),,,,
Ravita,"Účtovník, ekonóm",Profesia,2026-06-19,,,No reply,Ghosted (no reply),,,,
Rudolf Jánoš,Účtovník,Profesia,2026-06-19,,,No reply,Ghosted (no reply),,,,
SB group as,Účtovník/účtovníčka,Profesia,2026-06-19,,,No reply,Ghosted (no reply),,,,
SK-REMONT,Účtovník / Účtovníčka,Profesia,2026-06-19,,,No reply,Ghosted (no reply),,,,
SLOVENSKÉ ŠTRKOPIESKY,Účtovník / účtovníčka,Profesia,2026-06-19,2026-06-22,Rejection,Template (named sender),Rejected,3.0,,,
SLOVNORMAL,Hľadáme Junior účtovníka / účtovníčku,Profesia,2026-06-19,,,No reply,Ghosted (no reply),,,,
"SLUŽBA NITRA, sro",Samostatný účtovník,Profesia,2026-06-19,,,No reply,Ghosted (no reply),,,,
SOREA,Ekonóm/ekonómka/personalista/personalistka hotel SOREA TITRIS,Profesia,2026-06-19,,,No reply,Ghosted (no reply),,,,
Slovenská autobusová doprava Poprad (SAD Poprad),"Pomocný účtovník / účtovníčka - SAD Poprad, a.s.",Profesia,2026-06-19,,,No reply,Ghosted (no reply),,,,
Smaart,Mzdový účtovník/účtovník,Profesia,2026-06-19,,,No reply,Ghosted (no reply),,,,
Správca ZV sro,Účtovník,Profesia,2026-06-19,,,No reply,Ghosted (no reply),,,,
TEKRO Nitra,Účtovník/čka Dvory nad Žitavou,Profesia,2026-06-19,,,No reply,Ghosted (no reply),,,,
"THYMOS, spol. s ro",Účtovník/Účtovníčka,Profesia,2026-06-19,,,No reply,Ghosted (no reply),,,,
TN logistica SK,Asistentka na účtovnom oddelení,Profesia,2026-06-19,,,No reply,Ghosted (no reply),,,,
TOP Clerks SK,Účtovníčka - pobočka Trenčín a Bánovce nad Bebravou,Profesia,2026-06-19,,,No reply,Ghosted (no reply),,,,
TREVES Slovakia,Účtovník - vhodné aj pre absolventa,Profesia,2026-06-19,,,No reply,Ghosted (no reply),,,,
Timestore,Administratívny pracovník ekonomického oddelenia a oddelenia nákupu (Timestore.sk/Cz/Hu/Ro/Pl/Si/Hr/It/Bg/Es),Profesia,2026-06-19,,,No reply,Ghosted (no reply),,,,
UNIKO,Účtovník / účtovníčka,Profesia,2026-06-19,,,No reply,Ghosted (no reply),,,,
UOL SK sro,Finančný účtovník/finančná účtovníčka - i junior,Profesia,2026-06-19,2026-06-22,Rejection,Template (named sender),Rejected,3.0,,,
V4 Account,Účtovníčka,Profesia,2026-06-19,,,No reply,Ghosted (no reply),,,,
VAGŠ s.r.o.,Samostatná účtovníčka/ekonómka,Profesia,2026-06-19,,,No reply,Ghosted (no reply),,,,
VieMi Consulting sro,Samostatný účtovník + pomocný mzdár,Profesia,2026-06-19,2026-06-23,Rejection,Template (named sender),Rejected,4.0,,,
Vodárenská spoločnosť Ružomberok,Ekonomický/á pracovník/čka / účtovník/čka,Profesia,2026-06-19,2026-07-13,Rejection,Template (named sender),Rejected,24.0,,,
Východoslovenské múzeum v Košiciach,Účtovník/čka,Profesia,2026-06-19,2026-07-10,Rejection,Template (named sender),Rejected,21.0,,,
"Z-ACCOUNTING, sro",Účtovník,Profesia,2026-06-19,2026-06-25,Rejection,Template (named sender),Rejected,6.0,,,
ZVL AUTO spol. s ro,Účtovník,Profesia,2026-06-19,,,No reply,Ghosted (no reply),,,,
"Ú.FDP, sro",Účtovník/ pomocný účtovník,Profesia,2026-06-19,2026-07-05,Rejection,Template (named sender),Rejected,16.0,,,
Účelové zariadenie ŠDaJ STU v Bratislave,Účtovník/účtovníčka,Profesia,2026-06-19,,,No reply,Ghosted (no reply),,,,
3 Oaks Gaming,,LinkedIn,2026-06-18,,,No reply,Ghosted (no reply),,,,
3 Oaks Gaming,Junior B2B Account Manager,Workable,2026-06-18,2026-06-18,Rejection,Automated,Rejected,0.0,Yes,,
"Etops SK, sro",Reporting Automation Specialist,Profesia,2026-06-18,,,No reply,Ghosted (no reply),,,,
IBM,Data Scientist (110580),IBM Careers,2026-06-18,2026-07-02,Rejection,Automated,Rejected,14.0,,,
IBM,IT Trainee - Data Science (110576),IBM Careers,2026-06-18,2026-07-05,Rejection,Automated,Rejected,17.0,,,
INFUSE,,LinkedIn,2026-06-18,,,No reply,Ghosted (no reply),,,,
INFUSE,,LinkedIn,2026-06-18,,,No reply,Ghosted (no reply),,,,
Lenovo,Accounts Payable Specialist,Avature,,2026-06-18,Rejection,Automated,Rejected,,,,
Lenovo,Order Center Specialist,Avature,2026-06-18,2026-06-24,Rejection,Automated,Rejected,6.0,,,
SCALEUP,AI & Business Analyst / Consultant (Remote Internship),JazzHR,2026-06-18,,,No reply,Ghosted (no reply),,,,
Tesla,"Automation, Analytics & AI Internship (273451)",Tesla Careers,2026-06-18,2026-07-09,Rejection,Automated,Rejected,21.0,,,
Tesla,Finance Operations - Cash App Internship (273458),Tesla Careers,2026-06-18,2026-07-03,Rejection,Automated,Rejected,15.0,,,
Škoda Auto,Business trainee (m/w) (55960),SuccessFactors,2026-06-18,,,No reply,Ghosted (no reply),,,,
Cushman & Wakefield,Investment Analyst/Junior Investment Analyst,Profesia,2026-06-17,2026-06-18,Rejection,Template (named sender),Rejected,1.0,Yes,,
"Kelly Science, Engineering, Technology & Telecom (agency)",Master Data Analyst,LinkedIn,,2026-06-17,Rejection,Automated,Rejected,,,,
Lear Corporation,Commercial Analyst - Structures (45813),Lear Careers,2026-06-17,,,No reply,Ghosted (no reply),,,,
Swiss Re,Financial Accounting Associate,Swiss Re Careers,2026-06-17,2026-06-23,Rejection,Automated,Rejected,6.0,,,
(company not in snippet),Finance Controller for international Finance department team (m/f),Profesia,2026-06-16,,,No reply,Ghosted (no reply),,,,
Andritz Kufferath sro,SSC účtovník/fakturant,Profesia,2026-06-16,,,No reply,Ghosted (no reply),,,,
GRiT Solutions,,LinkedIn,2026-06-16,,,No reply,Ghosted (no reply),,,,
Henkel,Digital Reporting Analyst with Power BI (req82904),Henkel Careers,2026-06-16,2026-06-22,Rejection,Automated,Rejected,6.0,,,
"NATEK SLOVAKIA, sro",IT Analyst - Expense Reporting,Profesia,2026-06-16,,,No reply,Ghosted (no reply),,,,
Pozent,Job #26-00150,Email,2026-06-16,,,No reply,Ghosted (no reply),,,,
VIG,Specialist Actuarial Reporting & IFRS 17 - Life and Health,d.vinci,2026-06-16,2026-06-26,Rejection,Automated,Rejected,10.0,,,
Visteon Electronics Slovakia sro,Finance Analyst 1,Profesia,2026-06-16,,,No reply,Ghosted (no reply),,,,
Global Blue,Associate Product Manager - Payments (JR0005599),Workday,2026-06-15,,,No reply,Ghosted (no reply),,,,
Institut AllergoSan,(Junior) Data Analyst,onlyfy,2026-06-15,2026-06-24,Rejection,Automated,Rejected,9.0,,,
Rubick.AI,Data Analyst,Keka,2026-06-15,,,No reply,Ghosted (no reply),,,,
Terno,Warehouse Worker,Email,2026-06-15,,,No reply,Ghosted (no reply),,,,
Unknown (via Ceipal ATS),Data Analyst,Ceipal,2026-06-15,,,No reply,Ghosted (no reply),,,,
Vertiv,Commodity Manager (20269779),Oracle Cloud,2026-06-15,2026-06-25,Rejection,Automated,Rejected,10.0,,,
Vertiv,Customer Services Quality Specialist (20267855),Oracle Cloud,2026-06-15,2026-06-25,Rejection,Automated,Rejected,10.0,,,
Vertiv,Warehouse worker (20272228),Oracle Cloud,2026-06-15,2026-08-20,Rejection,Automated,Rejected,66.0,,,
Zurich Insurance,Actuarial Model Developer (132915),Zurich Careers,2026-06-15,2026-07-03,Rejection,Automated,Rejected,18.0,,,
Zurich Insurance,Azure Data Engineer (134596),Zurich Careers,2026-06-15,2026-06-17,Rejection,Automated,Rejected,2.0,,,
Amazon,Graduate Area Manager - 2026 Start Date (3078656),Amazon Jobs,2026-06-14,2026-06-14,Assessment / test,Automated,Withdrawn,0.0,,,Yes
Auditics Pvt Ltd,FP&A Analyst,Indeed,2026-06-14,,,No reply,Ghosted (no reply),,,,
Analytics Career Connect,Data Analyst Intern,Indeed,2026-06-12,,,No reply,Ghosted (no reply),,,,
DEKRA kvalifikácia a poradenstvo s.r.o.,Junior Analytik/Analytička,Profesia,2026-06-12,,,No reply,Ghosted (no reply),,,,
Eneba,Data Analyst,Lever,2026-06-12,,,No reply,Ghosted (no reply),,,,
Propel,Fresher 2026 | Business Analyst,Email,2026-06-12,,,No reply,Ghosted (no reply),,,,
SOFTEC,Junior Analytik - skvelý začiatok tvojej kariéry v IT!,Profesia,2026-06-12,,,No reply,Ghosted (no reply),,,,
WPP Media Slovakia sro,Junior Digital Data Analyst,Profesia,2026-06-12,,,No reply,Ghosted (no reply),,,,
Wincent,,Ashby,,2026-06-12,Rejection,Automated,Rejected,,,,
(company not in snippet),Akciová spoločnosť AUTOŠTÝL príjme do predajno-servisného centra v Trenčíne                              ÚČTOVNÍČKU,Profesia,2026-06-11,,,No reply,Ghosted (no reply),,,,
CSC Global,Associate Client Order Coordinator (Chennai),Email,,2026-06-11,Interview invite,Template (named sender),Ghosted after interview,,,Yes,
"DALLIN, sro",Účtovník/ účtovníčka,Profesia,2026-06-11,,,No reply,Ghosted (no reply),,,,
"Etops SK, sro",FX Hedging Analyst,Profesia,2026-06-11,2026-06-12,Rejection,Template (named sender),Rejected,1.0,Yes,,
"Etops SK, sro",Investment Operations Analyst,Profesia,2026-06-11,2026-06-15,Rejection,Template (named sender),Rejected,4.0,,,
"Etops SK, sro",Reporting Automation Specialist,Profesia,2026-06-11,2026-06-15,Rejection,Template (named sender),Rejected,4.0,,,
Infinity Crest Group Pvt Ltd,Data Analyst Intern,Indeed,2026-06-11,,,No reply,Ghosted (no reply),,,,
Andritz,Controlling Analyst – for people who want to move things forward,Profesia,2026-06-10,2026-06-22,Rejection,Template (named sender),Rejected,12.0,,,
Aon Bratislava,Actuarial Analyst,Profesia,2026-06-10,,,No reply,Ghosted (no reply),,,,
Banskobystrický samosprávny kraj (BBSK),Dátový analytik (muž / žena) – junior/senior,Profesia,2026-06-10,,,No reply,Ghosted (no reply),,,,
Bolder Slovakia sro,Investment Fund Operations Associate,Profesia,2026-06-10,,,No reply,Ghosted (no reply),,,,
Daejoo Automotive Pvt India Ltd,Junior Data Analyst,Indeed,2026-06-10,,,No reply,Ghosted (no reply),,,,
Dentsply Sirona,Accounts Receivable Credit Specialist II US TIME,SuccessFactors,2026-06-10,2026-06-21,Rejection,Automated,Rejected,11.0,,,
ELSPOL - SK,Ekonóm/účtovník,Profesia,2026-06-10,,,No reply,Ghosted (no reply),,,,
Etops SK,Fund Accountant,Profesia,2026-06-10,2026-06-12,Rejection,Template (named sender),Rejected,2.0,,,
Fabheads Automation Pvt Ltd,Data Analyst Intern,Indeed,2026-06-10,,,No reply,Ghosted (no reply),,,,
"HBH, a.s.","Účtovník, účtovníčka Ref. č.6_2026",Profesia,2026-06-10,,,No reply,Ghosted (no reply),,,,
HYDINA HOLDING,Hlavný účtovník/účtovníčka,Profesia,2026-06-10,,,No reply,Ghosted (no reply),,,,
Infinite Technology Solutions,Data Analyst,Indeed,2026-06-10,,,No reply,Ghosted (no reply),,,,
Ing. Katarína Beňová ECOS,Účtovník/ účtovníčka,Profesia,2026-06-10,2026-06-10,Rejection,Personal,Rejected,0.0,Yes,,
LKQ SK,Účtovník/ Účtovníčka,Profesia,2026-06-10,2026-06-17,Rejection,Automated,Rejected,7.0,,,
Mando Engineering India Pvt Ltd,Data Analyst,Indeed,2026-06-10,,,No reply,Ghosted (no reply),,,,
Mobis Slovakia,Financial Controller,Profesia,2026-06-10,,,No reply,Ghosted (no reply),,,,
Mondelēz International,Data Entry Administrator (f/m) R-169344,Workday,2026-06-10,,,No reply,Withdrawn,,,,
OMRON Electronic Components Europe B.V.,Order Entry Administrator,Profesia,2026-06-10,,,No reply,Ghosted (no reply),,,,
"UMBRELLA consulting, a.s.",Účtovníčka/Účtovník v účtovnej spoločnosti,Profesia,2026-06-10,,,No reply,Ghosted (no reply),,,,
UNIQA,Hľadáme klientského pracovníka spoločnosti UNIQA: Skvelá príležitosť na kariérny postup na manažéra!,Profesia,2026-06-10,,,No reply,Ghosted (no reply),,,,
Varya Tech Pvt Ltd,Data Analyst,Indeed,2026-06-10,,,No reply,Ghosted (no reply),,,,
Vertiv,Financial Analyst,Profesia,2026-06-10,,,No reply,Ghosted (no reply),,,,
A3 Soft,Senior Controller,Profesia,2026-06-09,2026-06-11,Rejection,Template (named sender),Rejected,2.0,,,
Dopravný podnik Bratislava,Analytik/Analytička dopravných dát,Profesia,2026-06-09,,,No reply,Ghosted (no reply),,,,
Embraco Slovakia,Procurement data Analyst Ref. č.93,Profesia,2026-06-09,,,No reply,Ghosted (no reply),,,,
KRONOSPAN,Staň sa súčasťou nášho Controllingu ako Data Analyst!,Profesia,2026-06-09,,,No reply,Ghosted (no reply),,,,
ORLEN Unipetrol Slovakia,Financial Planning & Analysis Specialist,Profesia,2026-06-09,,,No reply,Ghosted (no reply),,,,
PRO Business Solutions,Finance Systems Specialist Ref. č.4212,Profesia,2026-06-09,,,No reply,Ghosted (no reply),,,,
SIMPLEA FINANCIAL SERVICES,Staň sa súčasťou nášho tímu!,Profesia,2026-06-09,,,No reply,Ghosted (no reply),,,,
Amazon,"Risk Analyst, Account Integrity (3140273)",Amazon Jobs,2026-06-08,2026-06-16,Assessment / test,Automated,Ghosted after assessment,8.0,,,Yes
SOITRON,Project Controls Analyst / Reporting Specialist,Profesia,2026-06-08,,,No reply,Ghosted (no reply),,,,
Soitron,,Recruitis,2026-06-08,,,No reply,Ghosted (no reply),,,,
Swiss Re,Join the Payments team as Cash & Bank Accounts Analyst! (Hybrid),Swiss Re Careers,2026-06-08,2026-07-21,Rejection,Automated,Rejected,43.0,,,
Swiss Re,Start your career in Payments as an Accounts Analyst! (suitable for fresh graduates),Swiss Re Careers,2026-06-08,2026-07-15,Rejection,Automated,Rejected,37.0,,,
ADA,Data Analyst (PS-Data Analytics),Darwinbox,2026-06-07,,,No reply,Ghosted (no reply),,,,
Habuild,Data Analyst,Keka,2026-06-07,,,No reply,Ghosted (no reply),,,,
Kanadevia Inova,Power BI Finance Data Analyst,Kanadevia Careers,2026-06-07,2026-06-10,Rejection,Automated,Rejected,3.0,,,
Zurich Insurance,Junior Actuarial Reporting Analyst (suitable for fresh graduates) (134270),Zurich Careers,2026-06-06,2026-07-16,Rejection,Automated,Rejected,40.0,,,
Dell Technologies,Product Data Specialist (2025-2026 Graduates) (291055),Dell Careers,2026-06-03,2026-06-04,Rejection,Automated,Rejected,1.0,Yes,,
Publicis Groupe,Invoice Processing Administrator,Profesia,2026-06-03,,,No reply,Ghosted (no reply),,,,
SLOV-MATIC,Dátový/finančný analytik - junior,Profesia,2026-06-03,2026-06-10,Interview invite,Personal,Rejected after interview,7.0,,Yes,
(company not in snippet),"Chceš po škole robiť s číslami, dátami a reálnymi rozhodnutiami vo firme? Pridaj sa k nám ako Junior finančný analytik/analytička!",Profesia,2026-06-02,,,No reply,Ghosted (no reply),,,,
Hyperia,Analytics Engineer,Profesia,2026-06-02,,,No reply,Ghosted (no reply),,,,
KAMAX Fasteners,Junior Finančný Analytik,Profesia,,2026-06-02,Rejection,Template (named sender),Rejected,,,,
KRONOSPAN,Staň sa súčasťou nášho tímu ako Controller / Controllerka!,Profesia,2026-06-02,,,No reply,Ghosted (no reply),,,,
NonStop Consulting (agency),Finance Systems & BI Analyst - Remote,Profesia,2026-06-02,,,No reply,Ghosted (no reply),,,,
Swiss Re,Accounts Payable Accountant (Hybrid),Swiss Re Careers,2026-06-02,2026-06-05,Rejection,Automated,Rejected,3.0,,,
Technická univerzita (name truncated),Dátový analytik Ref. č. 6835/2026,Profesia,2026-06-02,,,No reply,Ghosted (no reply),,,,
Visteon,Finance Analyst 1,Profesia,2026-06-02,2026-06-05,Rejection,Template (named sender),Rejected,3.0,,,
BizWize Consulting,Business Data Analyst (Junior/Medior),Profesia,2026-06-01,2026-06-08,Rejection,Template (named sender),Rejected,7.0,,,
WPP Media Slovakia,"Data, Reporting & Automation Specialist",Profesia,2026-06-01,,,No reply,Ghosted (no reply),,,,
(company not in snippet),Accounts Receivable Analyst,Profesia,2026-05-26,,,No reply,Ghosted (no reply),,,,
(company not in snippet),Analytics Engineer (SQL/Python) medior/senior,Profesia,2026-05-26,,,No reply,Ghosted (no reply),,,,
(company not in snippet),Operational Excellence Analyst,Profesia,2026-05-26,,,No reply,Ghosted (no reply),,,,
Caterpillar,Data Scientist (Evergreen) R0000364643,Workday,2026-05-26,2026-05-31,Rejection,Automated,Rejected,5.0,,,
Codium,Junior MS SQL Administrator / Junior Database Administrator,Profesia,2026-05-26,,,No reply,Ghosted (no reply),,,,
HB Reavis,Finance Lease Analyst,Datacruit,2026-05-26,,,No reply,Ghosted (no reply),,,,
Vertiv,Financial Analyst,Profesia,2026-05-26,,,No reply,Ghosted (no reply),,,,
Žilinská univerzita v Žiline,Dátový analytik,Profesia,2026-05-26,,,No reply,Ghosted (no reply),,,,
Hewlett Packard Enterprise,Sales Strategy & Planning Graduate (1196357),Workday,,2026-05-25,Rejection,Automated,Rejected,,,,
Slovnaft (MOL Group),Data Analyst (m/ž),MOL Careers,,2026-05-25,Rejection,Automated,Rejected,,,,
Adient,Analyst Collections - OTC Collections&Dispute,Workday,2026-05-22,2026-06-11,Rejection,Automated,Rejected,20.0,,,
Clarios,AP Junior Analyst,Workday,2026-05-21,2026-05-28,Rejection,Automated,Rejected,7.0,,,
PRO Business Solutions,Financial Systems CPM/EPM Owner Ref. č.4224,Profesia,2026-05-21,,,No reply,Ghosted (no reply),,,,
(company not in snippet),Junior Účtovník (hybridný pracovný model) - Skvelá príležitosť aj pre absolventov s angličtinou B2! Pridajte sa k nám!,Profesia,2026-05-19,,,No reply,Ghosted (no reply),,,,
AGROFERT group member (name not in snippet),Digital Data Analyst,Profesia,2026-05-19,,,No reply,Ghosted (no reply),,,,
Benefit Systems Slovakia (MultiSport),Data & Business Analyst,Profesia,2026-05-19,,,No reply,Ghosted (no reply),,,,
"CAPITAL MARKETS, o.c.p., a.s.",Junior finančno-dátový analytik,Profesia,2026-05-19,,,No reply,Ghosted (no reply),,,,
ESET,,Workday,2026-05-19,,,No reply,Ghosted (no reply),,,,
Fortrea,Sr Clinical Data Analyst - Medical Device,Workday,2026-05-19,2026-05-28,Rejection,Automated,Rejected,9.0,,,
Klarstein,BI Data Analyst,Greenhouse,2026-05-19,2026-05-26,Rejection,Template (named sender),Rejected,7.0,,,
Lugera & Maklér (agency),Dátový/á analytik/čka Ref. č.PR/029619,Profesia,2026-05-19,,,No reply,Ghosted (no reply),,,,
Lunys,Dátový analytik Ref. č.150,Profesia,2026-05-19,,,No reply,Ghosted (no reply),,,,
Muziker,Junior Python Developer (Data & AI),Profesia,2026-05-19,2026-06-10,Rejection,Template (named sender),Rejected,22.0,,,
PIXEL FEDERATION,Game Analyst,Profesia,2026-05-19,,,No reply,Ghosted (no reply),,,,
Ryvenia,Data Management Specialist – E-commerce,Email,2026-05-19,,,No reply,Ghosted (no reply),,,,
SCALEUP,AI & Business Analyst / Consultant (Remote Internship),JazzHR,2026-05-19,,,No reply,Ghosted (no reply),,,,
Schneider Electric,Pricing Analyst CZ & SK,iCIMS,2026-05-19,,,No reply,Ghosted (no reply),,,,
Swiss Re,Junior Data Engineer - Product Area Research & Sustainability,Swiss Re Careers,2026-05-19,2026-05-27,Rejection,Automated,Rejected,8.0,,,
Talent Solutions (agency),Junior Data Operations Specialist – Part-time,Profesia,2026-05-19,2026-05-28,Rejection,Template (named sender),Rejected,9.0,,,
Vertiv,AME Technical Capacity Specialist (20264897),Oracle Cloud,2026-05-19,,,No reply,Ghosted (no reply),,,,
Adient,Banking Specialist - PTP Banking,Workday,2026-05-18,2026-06-01,Rejection,Automated,Rejected,14.0,,,
Adient,Finance Analyst PTP Internal Resolution,Workday,2026-05-18,2026-06-03,Rejection,Automated,Rejected,16.0,,,
Cambridge International School,Junior Data & AI Analyst,Profesia,2026-05-17,,,No reply,Ghosted (no reply),,,,
Enitech,Data Engineer,Profesia,2026-05-17,,,No reply,Ghosted (no reply),,,,
SIBAREAL,Property Data & Administration Specialist,Profesia,2026-05-17,,,No reply,Ghosted (no reply),,,,
Amazon,"Finance Analyst, 12-month Fixed Term Contract, RBNI Team (10421333)",Amazon Jobs,2026-05-16,2026-05-16,Assessment / test,Automated,Rejected after assessment,0.0,,,Yes
Alfafin Plus,Účtovník/Účtovníčka,Profesia,2026-05-14,,,No reply,Ghosted (no reply),,,,
Audit Slovakia Trenčín,Účtovníčka,Profesia,2026-05-14,,,No reply,Ghosted (no reply),,,,
DALLIN,Účtovník/ účtovníčka,Profesia,2026-05-14,,,No reply,Ghosted (no reply),,,,
ELOS - servis,Učtovnik,Profesia,2026-05-14,,,No reply,Ghosted (no reply),,,,
ESET,Marketing Data Analyst,Workday,,2026-05-14,Rejection,Automated,Rejected,,,,
Forvis Mazars,Junior Analytik na oddelení transakčného poradenstva,Profesia,2026-05-14,,,No reply,Ghosted (no reply),,,,
Gartner Slovakia,Účtovník,Profesia,2026-05-14,,,No reply,Ghosted (no reply),,,,
GymBeam,Junior Accountant,Profesia,2026-05-14,2026-05-18,Rejection,Template (named sender),Rejected,4.0,,,
HUDOS,Účtovník / Účtovníčka,Profesia,2026-05-14,2026-05-20,Rejection,Template (named sender),Rejected,6.0,,,
Hewlett Packard Enterprise,Data Analyst and Automation Internships,Profesia,2026-05-14,,,No reply,Ghosted (no reply),,,,
Kanadevia Inova,Assistant (Temporary position for 1 year),Kanadevia Careers,2026-05-14,2026-05-18,Rejection,Automated,Rejected,4.0,,,
Klarstein,Accounts Payable Accountant,Greenhouse,2026-05-14,2026-05-19,Rejection,Template (named sender),Rejected,5.0,,,
LauSam,Junior účtovník/čka,Profesia,2026-05-14,,,No reply,Ghosted (no reply),,,,
OLASOVA & PARTNERS,Účtovníčka/účtovník (Accountant),Profesia,2026-05-14,,,No reply,Ghosted (no reply),,,,
STAFF AG (agency),Účtovník/ účtovníčka - SV OMEGA nástup 1.6.2026,Profesia,2026-05-14,,,No reply,Ghosted (no reply),,,,
VOD-EKO a.s. Trenčín,Účtovníčka,Profesia,2026-05-14,,,No reply,Ghosted (no reply),,,,
ius est ars k.s.,Samostatný účtovník,Profesia,2026-05-14,,,No reply,Ghosted (no reply),,,,
ACCOUNTAX solutions,Účtovník,Profesia,2026-05-13,,,No reply,Ghosted (no reply),,,,
AccoTaxes Management,Hľadáme spoľahlivého Junior účtovníka do nášho tímu,Profesia,2026-05-13,,,No reply,Ghosted (no reply),,,,
BDO,Accounting Lead Consultant,Profesia,2026-05-13,,,No reply,Ghosted (no reply),,,,
GoodWill Recruitment (agency),Účtovník / Účtovníčka – stabilná práca s priestorom na rast,Profesia,2026-05-13,,,No reply,Ghosted (no reply),,,,
Swiss Re,Insurance Premium Tax Associate,Swiss Re Careers,2026-05-13,2026-05-17,Rejection,Automated,Rejected,4.0,,,
Arisan,Junior účtovník / Účtovník v účtovnej spoločnosti,Profesia,2026-05-12,,,No reply,Ghosted (no reply),,,,
BOAT a.s.,Junior účtovník,Profesia,2026-05-12,,,No reply,Ghosted (no reply),,,,
Bolder Group (Bolder Slovakia),Investment Fund Operations Associate,Profesia,2026-05-12,,,No reply,Ghosted (no reply),,,,
CLA Slovakia,Účtovník/Účtovníčka (Bratislava),Profesia,2026-05-12,2026-05-12,Rejection,Template (named sender),Rejected,0.0,Yes,,
CLA Slovakia,Účtovník/Účtovníčka (Piešťany),Profesia,2026-05-12,,,No reply,Ghosted (no reply),,,,
Dentsply Sirona,Accounts Payable Specialist I,SuccessFactors,2026-05-12,2026-06-10,Rejection,Automated,Rejected,29.0,,,
Forvis Mazars,Hľadáme ďalšiu generáciu audítorov v Bratislave,Profesia,2026-05-12,,,No reply,Ghosted (no reply),,,,
ING,Account Manager for WB CSD Client Facing (REQ-10112191),Workday,2026-05-12,2026-05-26,Rejection,Automated,Rejected,14.0,,,
Kúpele Trenčianske Teplice,Odborný/á referent/ka ekonomického oddelenia,Profesia,2026-05-12,,,No reply,Ghosted (no reply),,,,
PARAPETROL a.s.,Junior účtovník,Profesia,2026-05-12,,,No reply,Ghosted (no reply),,,,
PRIMA ZDROJ Považská Bystrica,Ekonóm - účtovník,Profesia,2026-05-12,,,No reply,Ghosted (no reply),,,,
SIMPLEA FINANCIAL SERVICES,Staň sa súčasťou nášho tímu!,Profesia,2026-05-12,,,No reply,Ghosted (no reply),,,,
VALPLAST SK,Junior účtovník (pomoc hlavnému účtovníkovi firmy),Profesia,2026-05-12,,,No reply,Ghosted (no reply),,,,
Záložňa (name truncated),Analytička/Analytik v Prešove,Profesia,2026-05-12,,,No reply,Ghosted (no reply),,,,
myWood Polomka Timber,Účtovníčka,Profesia,2026-05-12,,,No reply,Ghosted (no reply),,,,
(company not in snippet),Hľadáme účtovníčku s možnosťou rastu a rozvoja v audítorskej a daňovoporadenskej spoločnosti,Profesia,2026-05-11,,,No reply,Ghosted (no reply),,,,
Agoda,Associate Data Analyst- Customer Experience Group (Bangkok),Agoda Careers,2026-05-11,2026-05-14,Rejection,Automated,Rejected,3.0,,,
AuJob (agency),Tvoj profesionálny vstup do auditu (ekonomické zameranie nutné),Profesia,2026-05-11,,,No reply,Ghosted (no reply),,,,
BONARD,Market Research Analyst Junior,Sloneek,2026-05-11,2026-05-18,Rejection,Automated,Rejected,7.0,,,
Covestro,Junior Accountant Accounts Payable (Maternity Leave Replacement),Profesia,2026-05-11,,,No reply,Ghosted (no reply),,,,
Dravecký & Partner Tax,Asistent audítora,Profesia,2026-05-11,,,No reply,Ghosted (no reply),,,,
ESET,,Workday,2026-05-11,,,No reply,Ghosted (no reply),,,,
GemerAudit,Asistent audítora,Profesia,2026-05-11,,,No reply,Ghosted (no reply),,,,
Henkel,Accountant Fixed Assets & Closing (26094796),Henkel Careers,2026-05-11,2026-05-12,Rejection,Automated,Rejected,1.0,Yes,,
PwC,BI Analyst (m/f),Workday,2026-05-11,2026-05-11,Rejection,Automated,Rejected,0.0,Yes,,
PwC,Junior Financial Risk Consultant (m/f),Workday,2026-05-11,2026-06-01,Rejection,Automated,Rejected,21.0,,,
RÖDL,Asistent/ka audítora,Profesia,2026-05-11,,,No reply,Ghosted (no reply),,,,
Spin Master,Accounts Payable Administrator (Maternity cover),Workday,2026-05-11,2026-06-15,Rejection,Automated,Rejected,35.0,,,
Swiss Re,Business Analyst Associate (hybrid),Swiss Re Careers,2026-05-11,2026-05-14,Rejection,Automated,Rejected,3.0,,,
Swiss Re,Financial Accounting Associate (Hybrid),Swiss Re Careers,2026-05-11,2026-05-12,Rejection,Automated,Rejected,1.0,Yes,,
VAMT,"Pomocný ekonom , mzdový účtovník",Profesia,2026-05-11,,,No reply,Ghosted (no reply),,,,
Vertiv,Financial Analyst,Profesia,2026-05-11,,,No reply,Ghosted (no reply),,,,
Zurich Insurance,Pricing Analyst (133594),Zurich Careers,2026-05-11,2026-05-13,Rejection,Automated,Rejected,2.0,,,
KA Group,Finančný analytik - junior (asistent),Profesia,2026-05-10,,,No reply,Ghosted (no reply),,,,
Agoda,"Data Analyst (Statistics/Python/BI) (Bangkok, relocation)",Agoda Careers,2026-05-09,2026-05-13,Rejection,Automated,Rejected,4.0,,,
Convatec,Data Analyst,Convatec Careers,2026-05-09,2026-05-12,Rejection,Automated,Rejected,3.0,,,
Henkel,Pricing & Promotion Analyst (26093431),Henkel Careers,2026-05-09,2026-05-21,Rejection,Automated,Rejected,12.0,,,
PayPal,"Analyst, Compliance Investigations (R0134894)",Workday,,2026-05-06,Rejection,Automated,Rejected,,,,
CEVA Ground Logistics Slovakia,Dátový analytik / Tender Data analyst,Profesia,2026-05-01,,,No reply,Ghosted (no reply),,,,
Tesco - CE,Product Matching & Data Enrichment Analyst,HRlink,2026-04-28,,,No reply,Ghosted (no reply),,,,
Spin Master,Associate Analyst (Supply Chain Analytics),Workday,2026-04-27,,,No reply,Ghosted (no reply),,,,
Amazon,"Finance Analyst, RBNI Team (10402594)",Amazon Jobs,2026-04-26,2026-05-01,Interview invite,Personal,Rejected after interview,5.0,,Yes,
Samsung SDS,"Associate, Finance",Workday,,2026-04-23,Rejection,Automated,Rejected,,,,
AT&T,Customer Success/AI and Automation Internship (R-106979),Workday,2026-04-22,2026-05-22,Rejection,Automated,Rejected,30.0,,,
AT&T,Internship – AT&T Account Management & Sales Support (R-107126),Workday,2026-04-22,2026-05-17,Rejection,Automated,Rejected,25.0,,,
Forvis Mazars,Hľadáme ďalšiu generáciu audítorov v Bratislave,Profesia,2026-04-21,,,No reply,Ghosted (no reply),,,,
ING,Account Manager for WB CSD Client Facing,Workday,2026-04-21,2026-04-22,Rejection,Automated,Rejected,1.0,Yes,,
ING,Pricing & Billing & Cash Management Account Manager – WB Client Services Desk (CSD),Workday,2026-04-21,,,No reply,Ghosted (no reply),,,,
J&T BANKA,Odborný pracovník (administratívna agenda spracovania faktúr),Profesia,2026-04-21,,,No reply,Ghosted (no reply),,,,
M&S GLOBWASH,Učtovník,Profesia,2026-04-21,,,No reply,Ghosted (no reply),,,,
"PROTETIKA, a.s.",Účtovník,Profesia,2026-04-21,,,No reply,Ghosted (no reply),,,,
AFRY Slovakia,Junior účtovník / Junior účtovníčka,Profesia,2026-04-18,,,No reply,Ghosted (no reply),,,,
AGROFERT group member (name not in snippet),Digital Data Analyst,Profesia,2026-04-18,,,No reply,Ghosted (no reply),,,,
Accace,"Business Development Coordinator (International Clients & Partnerships, Internal Operations)",Profesia,2026-04-18,2026-04-21,Rejection,Template (named sender),Rejected,3.0,,,
Be Lenka,Junior účtovník / účtovníčka,Profesia,2026-04-18,2026-04-20,Rejection,Template (named sender),Rejected,2.0,,,
Binary Confidence,SOC Analyst Junior,Profesia,2026-04-18,,,No reply,Ghosted (no reply),,,,
Boataround,Operations Coordinator - also for fresh graduates!,Profesia,2026-04-18,,,No reply,Ghosted (no reply),,,,
European Alliance for Innovation n.o.,Junior Project Associate,Profesia,2026-04-18,,,No reply,Ghosted (no reply),,,,
Freshfields,Creative Document Specialist,Profesia,2026-04-18,,,No reply,Ghosted (no reply),,,,
ILJIN SLOVAKIA,Sales support specialist (m/f) - Automotive,Profesia,2026-04-18,2026-06-10,Rejection,Template (named sender),Rejected,53.0,,,
ING,Accounts & Onboarding Account Manager – WB Client Services Desk (CSD),Workday,2026-04-18,2026-04-22,Rejection,Automated,Rejected,4.0,,,
Minebea Slovakia,Accountant Receivables,Profesia,2026-04-18,,,No reply,Ghosted (no reply),,,,
Mobis Slovakia,Financial Controller,Profesia,2026-04-18,,,No reply,Ghosted (no reply),,,,
NEWAYS SLOVAKIA,AP International Specialist Accountant,Profesia,2026-04-18,,,No reply,Ghosted (no reply),,,,
Talent Solutions (agency),Účtovník (Accountant),Email,,2026-04-18,Rejection,Template (named sender),Rejected,,,,
"finby (Trust Pay, a.s.)",Account Management Assistant,Profesia,2026-04-18,,,No reply,Ghosted (no reply),,,,
BMW Group,"Assistant Specialist, Accounting (184234)",SuccessFactors,2026-04-17,2026-04-24,Rejection,Automated,Rejected,7.0,,,
BMW Group,Praktikum Business Analyst Aftersales (183855),SuccessFactors,2026-04-17,2026-04-24,Rejection,Automated,Rejected,7.0,,,
BMW Group,Praktikum Geschäftsentwicklung Aftersales (183847),SuccessFactors,2026-04-17,2026-04-24,Rejection,Automated,Rejected,7.0,,,
BMW Group,Praktikum Konzernkommunikation (184118),SuccessFactors,2026-04-17,2026-04-24,Rejection,Automated,Rejected,7.0,,,
BMW Group,Young Graduate Business & Performance Development Analyst (184996),SuccessFactors,2026-04-17,2026-04-27,Rejection,Automated,Rejected,10.0,,,
Forvis Mazars,Junior Analytik na oddelení transakčného poradenstva,Profesia,2026-04-17,,,No reply,Ghosted (no reply),,,,
IQVIA,Accounts Payable Accounting Coordinator (R1529739),Workday,2026-04-17,2026-05-05,Rejection,Automated,Rejected,18.0,,,
PROFIFOREST,Pomocný účtovník - mzdový účtovník,Profesia,2026-04-17,,,No reply,Ghosted (no reply),,,,
PwC,Valuation Consultant (m/ž) (Junior - Senior),Workday,2026-04-17,2026-04-17,Rejection,Automated,Rejected,0.0,Yes,,
Talent Solutions (agency),Finance Support with French,Email,,2026-04-17,Rejection,Template (named sender),Rejected,,,,
AGEL SK,Účtovník,Profesia,2026-04-16,,,No reply,Ghosted (no reply),,,,
Adviterra,Junior účtovník/účtovníčka,Profesia,2026-04-16,,,No reply,Ghosted (no reply),,,,
Dedoles,Junior / Medior Pricing Analyst,Profesia,2026-04-16,,,No reply,Ghosted (no reply),,,,
Kristián Király - Allianz,Finančný konzultant stabilita + nadštandardný príjem,Profesia,2026-04-16,,,No reply,Ghosted (no reply),,,,
MDD Finance,Junior Sales Manager/Investičný špecialista,Profesia,2026-04-16,,,No reply,Ghosted (no reply),,,,
Nexi,Finance & Accounting Specialist SK,Nexi Careers,2026-04-16,2026-04-20,Rejection,Automated,Rejected,4.0,,,
Obec Ladce,"Ekonóm/ekonómka , účtovník/účtovníčka, mzdár/mzdárka obce",Profesia,2026-04-16,,,No reply,Ghosted (no reply),,,,
PwC,Cyber R&R - ER&CS - Data Analytics - Associate - HYD/BLR/KOL/MUM,Workday,2026-04-16,2026-05-25,Rejection,Automated,Rejected,39.0,,,
STAFF AG (agency),Junior účtovníčka - SW Omega,Profesia,2026-04-16,,,No reply,Ghosted (no reply),,,,
Swiss Re,Accounts Analyst I (Hybrid),Swiss Re Careers,2026-04-16,2026-04-21,Rejection,Automated,Rejected,5.0,,,
Swiss Re,Back office support (Asset Management),Swiss Re Careers,2026-04-16,2026-04-23,Rejection,Automated,Rejected,7.0,,,
Synpulse,Pricing Analyst (Junior),HiBob,2026-04-16,2026-04-20,Rejection,Automated,Rejected,4.0,,,
Talent Solutions (agency),Účtovník/čka pre stabilnú spoločnosť,Profesia,2026-04-16,,,No reply,Ghosted (no reply),,,,
UEC,Samostatný účtovník / mzdový účtovník,Profesia,2026-04-14,,,No reply,Ghosted (no reply),,,,
Ewals Cargo Care,Junior accountant,Profesia,,2026-04-13,Rejection,Template (named sender),Rejected,,,,
Takeda,Business Analyst,Workday,2026-04-12,2026-04-15,Rejection,Automated,Rejected,3.0,,,
Arisan,Junior účtovník v účtovnej kancelárii + Atraktívne benefity,Profesia,2026-04-09,,,No reply,Ghosted (no reply),,,,
AuJob (agency),Asistent audítora,Profesia,2026-04-09,,,No reply,Ghosted (no reply),,,,
ChainStores SK,Konzultant pre rozvoj siete predajní,Profesia,2026-04-09,,,No reply,Ghosted (no reply),,,,
Dype,Sales Support (práce z domu),Profesia,2026-04-09,,,No reply,Ghosted (no reply),,,,
Enjoy Gaming,Financial Specialist,Recruitee,2026-04-09,,,No reply,Ghosted (no reply),,,,
Johnson Controls,Commercial Sales Analyst EMEA (WD30265516),Workday,2026-04-09,2026-04-16,Rejection,Automated,Rejected,7.0,,,
MANDAT AUDIT,Audit Junior – perspektívna kariéra na oddelení auditu,Profesia,2026-04-09,,,No reply,Ghosted (no reply),,,,
Pro HR (agency),Data analytik,Profesia,2026-04-09,,,No reply,Ghosted (no reply),,,,
Talent Solutions (agency),Finance Support Specialist s francúzštinou,Profesia,2026-04-09,,,No reply,Ghosted (no reply),,,,
Vita-zel & company,Administratívna pracovníčka- Fakturantka 12h/8h 1250€,Profesia,2026-04-09,,,No reply,Ghosted (no reply),,,,
BMW Group (Austria),"Intern, European Accounting HUB (146388)",Email,2026-04-08,2026-04-17,Rejection,Automated,Rejected,9.0,,,
(company not in snippet),Junior Účtovník (hybridný pracovný model) - Skvelá príležitosť aj pre absolventov s angličtinou B2! Pridajte sa k nám!,Profesia,2026-04-07,,,No reply,Ghosted (no reply),,,,
AIRRFS,Administratívny pracovník Asistent účtovného oddelenia,Profesia,2026-04-07,,,No reply,Ghosted (no reply),,,,
Bolder Group (Bolder Slovakia),Investment Fund Operations Associate,Profesia,2026-04-07,,,No reply,Ghosted (no reply),,,,
Clarios,Accountant Banking,Workday,2026-04-07,2026-04-07,Rejection,Automated,Rejected,0.0,Yes,,
Covestro,Junior Accountant Accounts Payable (Maternity Leave Replacement),Profesia,2026-04-07,,,No reply,Ghosted (no reply),,,,
Finance X,Osobná a odborná asistentka,Profesia,2026-04-07,,,No reply,Ghosted (no reply),,,,
Grand Hotel River Park,Junior účtovník / Junior Accountant – Accounts Payable,Profesia,2026-04-07,2026-04-28,Rejection,Template (named sender),Rejected,21.0,,,
Henkel,Digital Data Engineer (26091803),Henkel Careers,2026-04-07,2026-04-15,Rejection,Automated,Rejected,8.0,,,
Henkel,Finance Analyst - Subsidiary Finance (26090968),Henkel Careers,2026-04-07,2026-04-14,Rejection,Automated,Rejected,7.0,,,
Henkel,Financial Analyst - Corporate Controlling (26092177),Henkel Careers,2026-04-07,2026-04-10,Rejection,Automated,Rejected,3.0,,,
Mondelēz International,Taste The Future - Graduate Program in Finance m/f (R-164409),Workday,2026-04-07,2026-04-13,Rejection,Automated,Rejected,6.0,,,
PwC,Junior Digital & Finance Auditor (m/f),Workday,2026-04-07,2026-04-08,Rejection,Automated,Rejected,1.0,Yes,,
UCED Slovensko,Dátový analytik /čka,Profesia,2026-04-07,2026-04-23,Rejection,Template (named sender),Rejected,16.0,,,
Amazon,Finance Graduate Program (10376265),Amazon Jobs,2026-04-06,2026-04-06,Assessment / test,Automated,Rejected after assessment,0.0,,,Yes
Dentsply Sirona,Accounts Receivable Cash Applications Specialist I,SuccessFactors,2026-04-06,2026-04-16,Rejection,Automated,Rejected,10.0,,,
Lennox,(role not stated; CV sent by email),Email,2026-04-06,,,No reply,Ghosted (no reply),,,,
Lenovo,Customer Service Coordinator,Avature,,2026-04-02,Rejection,Automated,Rejected,,,,
Adient,RTR T&E Compliance Specialist,Workday,2026-04-01,2026-04-10,Rejection,Automated,Rejected,9.0,,,
Aliter Technologies,Junior Account manager (IT projekty),Profesia,2026-03-31,,,No reply,Ghosted (no reply),,,,
GBS,Account Manager v marketingovej agentúre,Profesia,2026-03-31,,,No reply,Ghosted (no reply),,,,
Henkel,Data Maintenance Analyst - Integrated Steering & Reporting (ISR) Platform (26091582),Henkel Careers,2026-03-31,2026-04-23,Interview invite,Automated,Rejected after interview,23.0,,Yes,
Henkel,International Team Assistant (26092224),Henkel Careers,2026-03-31,2026-04-01,Rejection,Automated,Rejected,1.0,Yes,,
Henkel,Supply Chain Business Controlling Analyst (26093582),Henkel Careers,2026-03-31,2026-04-13,Rejection,Automated,Rejected,13.0,,,
Adient,Accountant - RTR Central Tooling,Workday,2026-03-30,2026-04-02,Rejection,Automated,Rejected,3.0,,,
Arimex Bratislava,Back Office Asistentka,Profesia,2026-03-28,,,No reply,Ghosted (no reply),,,,
Dell Technologies,Product Data Specialist (R287713),Dell Careers,2026-03-28,2026-04-01,Rejection,Automated,Rejected,4.0,,,
FedEx Express Slovakia,Account Executive,Teamio,2026-03-28,,,No reply,Ghosted (no reply),,,,
GymBeam,Junior B2B Account,Profesia,2026-03-28,,,No reply,Ghosted (no reply),,,,
Industrial Wear,KEY Account,Profesia,2026-03-28,,,No reply,Ghosted (no reply),,,,
PODRAVKA INTERNATIONAL,Key Account Manager / Junior Key Account Manager,Profesia,2026-03-28,,,No reply,Ghosted (no reply),,,,
Peninsula,Graduate Trading Programme (Geneva),Pinpoint,2026-03-28,2026-03-30,Rejection,Automated,Rejected,2.0,,,
PwC,Data Engineer/Analytics Engineer – Microsoft Fabric (m/f),Workday,2026-03-28,2026-03-31,Rejection,Automated,Rejected,3.0,,,
Toolshed Slovakia,Pridaj sa k nám ako Vedúci skladu a rozviň svoju kariéru,Profesia,2026-03-28,,,No reply,Ghosted (no reply),,,,
VM Recruitment,Fruit and Vegetable Packing – Netherlands,VM Recruitment site,2026-03-28,,,No reply,Ghosted (no reply),,,,
VM Recruitment,Picker/Packer In Food Warehouse – Germany,VM Recruitment site,2026-03-28,,,No reply,Ghosted (no reply),,,,
Henkel,Supply Controlling Analyst – 1 Year Assignment (50%) (26093171),Henkel Careers,2026-03-27,2026-04-13,Rejection,Automated,Rejected,17.0,,,
NielsenIQ,Data Operations Analyst,SmartRecruiters,2026-03-27,,,No reply,Ghosted (no reply),,,,
TRANSFER (agency),Rozbehni kariéru ako operátor – až 1300 € mesačne,Profesia,2026-03-27,,,No reply,Ghosted (no reply),,,,
Lenovo,ISG Services Sales Support Representative,Avature,2026-03-19,2026-03-25,Rejection,Automated,Rejected,6.0,,,
Covestro,Jr. Accountant Accounts Payable (Maternity Leave Replacement),Workday,2026-03-18,,,No reply,Ghosted (no reply),,,,
PwC,Dátový inžinier – špecialista na Databricks (m/f),Workday,2026-03-18,2026-03-18,Rejection,Automated,Rejected,0.0,Yes,,
Amazon,"AWS Order to Cash (O2C) Manager, AWS EMEA O2C (3197275)",Amazon Jobs,2026-03-16,2026-04-15,Rejection,Automated,Rejected,30.0,,,
Amazon,FBA Credit Specialist I (3203149),Amazon Jobs,2026-03-16,2026-03-18,Rejection,Automated,Rejected,2.0,,,
AT&T,Technical Intern - AI Strategy & Innovation (R-103467),Workday,2026-03-14,2026-03-18,Rejection,Automated,Rejected,4.0,,,
Amazon,Retail Vendor Manager I - UK (3188993),Amazon Jobs,2026-03-07,2026-06-08,Rejection,Automated,Rejected,93.0,,,
Henkel,Marketing & Sales Reporting Analyst (26091989),Henkel Careers,2026-03-05,2026-03-11,Rejection,Automated,Rejected,6.0,,,
Henkel,Marketing Data Scientist (25087811),Henkel Careers,2026-03-05,2026-03-11,Rejection,Automated,Rejected,6.0,,,
Lyreco,Junior Accountant,Workday,2026-03-05,2026-04-03,Rejection,Automated,Rejected,29.0,,,
PwC,Financial Data Analyst (m/f),Workday,2026-03-05,2026-03-11,Rejection,Automated,Rejected,6.0,,,
Adastra,Junior Business Analyst,Recruitis,,2026-03-03,Assessment / test,Automated,Ghosted after assessment,,,,Yes
Samsung SDS,Billing Specialist and Analyst,Workday,,2026-03-02,Rejection,Automated,Rejected,,,,
Dentsply Sirona,Accounts Payable Specialist I,SuccessFactors,2026-02-28,2026-04-09,Rejection,Automated,Rejected,40.0,,,
Dentsply Sirona,Finance Analyst,SuccessFactors,2026-02-28,2026-03-06,Rejection,Automated,Rejected,6.0,,,
Essentra,Associate Data Engineer,Essentra Careers,2026-02-28,,,No reply,Ghosted (no reply),,,,
(company not in snippet),Asistent/tka (Si zodpovedný/á človek s motiváciou učiť sa nové veci?),Profesia,2026-02-27,,,No reply,Ghosted (no reply),,,,
ACCONTI PLUS,Junior účtovník/účtovníčka,Profesia,2026-02-27,,,No reply,Ghosted (no reply),,,,
All4Net,Hľadáme posilu do back office - pridajte sa k jednotke na trhu,Profesia,2026-02-27,,,No reply,Ghosted (no reply),,,,
Autoklub Slovakia Assistance,Účtovník - junior,Profesia,2026-02-27,2026-03-05,Rejection,Template (named sender),Rejected,6.0,,,
CBRE Global Workplace Solutions,Data Analyst,Profesia,2026-02-27,,,No reply,Ghosted (no reply),,,,
ELSPOL - SK,Ekonóm/účtovník,Profesia,2026-02-27,,,No reply,Ghosted (no reply),,,,
EP - PROJEKT,Účtovník*junior,Profesia,2026-02-27,,,No reply,Ghosted (no reply),,,,
Holcim,Business pipeline (talent pool),SuccessFactors,2026-02-27,,,No reply,Ghosted (no reply),,,,
IBM,Junior Data Scientist (95191),IBM Careers,2026-02-27,2026-02-28,Assessment / test,Automated,Rejected after assessment,1.0,,,Yes
KOOPERATIVA poisťovňa,Analytik/Analytička na Úseku neživotného poistenia,Profesia,2026-02-27,2026-03-19,Rejection,Template (named sender),Rejected,20.0,,,
Marsh,Junior Client Executive - Graduate (R_328388),Workday,2026-02-27,2026-03-13,Rejection,Automated,Rejected,14.0,,,
NEEDLE RECRUITMENT (agency),Business Procesný Analytik (junior) Ref. č.176,Profesia,2026-02-27,,,No reply,Ghosted (no reply),,,,
One Model,"Junior Data Engineer (Remote, Slovakia)",Greenhouse,2026-02-27,2026-02-28,Rejection,Automated,Rejected,1.0,Yes,,
Swiss Re,Investment Transactions Analyst (suitable for fresh graduates),Swiss Re Careers,2026-02-27,2026-03-04,Rejection,Automated,Rejected,5.0,,,
Swiss Re,Technical Accounting Analyst (hybrid),Swiss Re Careers,2026-02-27,2026-03-02,Rejection,Automated,Rejected,3.0,,,
iZlato,IZlato.sk - Junior ekonómka,Profesia,2026-02-27,,,No reply,Ghosted (no reply),,,,
Wincent,Quant and Trading Support,Email,,2026-02-24,Interview invite,Automated,Rejected after interview,,,Yes,Yes
Amazon,"Senior Finance Analyst, AWS Account Receivable (3186530)",Amazon Jobs,2026-02-24,2026-03-16,Rejection,Automated,Rejected,20.0,,,
Zurich Insurance,Junior Data Scientist (131296),Zurich Careers,2026-02-24,2026-03-03,Rejection,Automated,Rejected,7.0,,,
Swiss Re,Data Analytics Engineer (137081),HireVue,2026-02-19,2026-02-19,Assessment / test,Automated,Ghosted after interview,0.0,,Yes,Yes
Swiss Re,Junior Consulting & Transformation Analyst (Hybrid),Swiss Re Careers,2026-02-17,2026-04-09,Rejection,Automated,Rejected,51.0,,,
UNIVEL,Hľadáme šikovnú asistentku s účtovníckymi znalosťami.,Profesia,2026-02-16,,,No reply,Ghosted (no reply),,,,
Clarios,Pricing Analyst,Workday,2026-02-14,2026-02-17,Rejection,Automated,Rejected,3.0,,,
AGEL SK,Účtovník,Profesia,2026-02-13,,,No reply,Ghosted (no reply),,,,
AGROSEV,Skladová účtovníčka,Profesia,2026-02-13,,,No reply,Ghosted (no reply),,,,
GPV Austria Cable GmbH (Slovensko),Junior účtovník/čka,Profesia,2026-02-13,,,No reply,Ghosted (no reply),,,,
GURLEX,Hľadáme asistenta/ku administratívnej podpory,Profesia,2026-02-13,,,No reply,Ghosted (no reply),,,,
JAF HOLZ Slovakia,Finančný účtovník / účtovníčka,Profesia,2026-02-13,,,No reply,Ghosted (no reply),,,,
Shiji Slovakia,Service Operation Analyst,Profesia,2026-02-13,,,No reply,Ghosted (no reply),,,,
Synpulse,Data Analyst (Data Quality),Profesia,2026-02-13,2026-02-16,Rejection,Template (named sender),Rejected,3.0,,,
Clarios,AP Junior Analyst,Workday,2026-02-11,2026-02-13,Rejection,Automated,Rejected,2.0,,,
Danske Bank,"Start Your Analyst Career within LC&I Capital, Denmark",Danske Careers,2026-02-11,2026-02-21,Rejection,Automated,Rejected,10.0,,,
Amazon,"Program Analyst (FTC), WFS Hiring Strategy (3126946)",Amazon Jobs,2026-02-10,2026-05-21,Rejection,Automated,Rejected,100.0,,,
Amazon,Sr. Account Executive (3086753),Amazon Jobs,2026-02-10,,,No reply,Ghosted (no reply),,,,
CERN,Early Career Professionals - Technical Field – Spontaneous Applications,SmartRecruiters,2026-02-10,2026-02-10,Rejection,Automated,Rejected,0.0,Yes,,
CERN,Finance Business Partner (FAP-FPC-BP-2026-12-LD),SmartRecruiters,2026-02-10,2026-03-06,Rejection,Automated,Rejected,24.0,,,
Deutsche Telekom Services Europe Slovakia,Data Analyst Intern – Process Mining & Analytics (Part-time) Ref. č.A437,Profesia,2026-02-10,2026-02-17,Rejection,Template (named sender),Rejected,7.0,,,
ING,Data Analyst (Financial Markets & eServices),Workday,2026-02-10,2026-02-12,Rejection,Automated,Rejected,2.0,,,
Barta,Junior účtovník,Profesia,2026-02-09,,,No reply,Ghosted (no reply),,,,
Crowdberry Investment Platform,Junior Finance Specialist,Profesia,2026-02-09,,,No reply,Ghosted (no reply),,,,
Dell Technologies,Finance Graduate Program - Future (2026) and Fresh (2025) Graduates (R283471),Dell Careers,,2026-02-09,Rejection,Automated,Rejected,,,,
Edenred,Junior Accountant / Účtovník,Profesia,2026-02-09,,,No reply,Ghosted (no reply),,,,
FinUP,Junior účtovník/čka,Profesia,2026-02-09,,,No reply,Ghosted (no reply),,,,
Forvis Mazars,Junior Accountant - Nitra,Profesia,2026-02-09,,,No reply,Ghosted (no reply),,,,
Ing. Roman Remeň - Komunálna poisťovňa (VIG),Asistent/ka predaja v kancelárii,Profesia,2026-02-09,,,No reply,Ghosted (no reply),,,,
KA Group,Účtovník – podvojné účtovníctvo,Profesia,2026-02-09,,,No reply,Ghosted (no reply),,,,
ManpowerGroup Slovensko (agency),Junior účtovník / Junior účtovníčka,Profesia,2026-02-09,,,No reply,Ghosted (no reply),,,,
Muehlbauer Technologies,Účtovník/čka junior,Profesia,2026-02-09,,,No reply,Ghosted (no reply),,,,
OVB Allfinanz Slovensko,Účtovník/Účtovníčka (junior),Profesia,2026-02-09,,,No reply,Ghosted (no reply),,,,
PROXENTA a.s.,Junior účtovník/čka,Profesia,2026-02-09,,,No reply,Ghosted (no reply),,,,
TATRA REAL,Junior účtovník,Profesia,2026-02-09,,,No reply,Ghosted (no reply),,,,
TRIGON Consulting,Špecialista správy záväzkov/Junior účtovník,Profesia,2026-02-09,,,No reply,Ghosted (no reply),,,,
Wincent,,Ashby,,2026-02-09,Rejection,Automated,Rejected,,,,
Johnson Controls,(WD30258738),Workday,2026-02-08,,,No reply,Ghosted (no reply),,,,
Johnson Controls,Account Manager (m/w/d) – Retail Solutions (WD30260540),Workday,2026-02-08,2026-02-13,Rejection,Automated,Rejected,5.0,,,
AbbVie,Business & Data Analyst Czech&Slovakia (R00133918),AbbVie Careers,2026-02-07,2026-02-11,Rejection,Automated,Rejected,4.0,,,
Carrier Refrigeration Operation Czech Republic,Financial Analyst (EURES 31508200765),Email,2026-02-07,,,No reply,Ghosted (no reply),,,,
DSwiss,Data Analyst (temp) - remote possible,HiBob,2026-02-07,,,No reply,Ghosted (no reply),,,,
Ruby Labs,Data Analyst,Ashby,2026-02-07,2026-02-12,Rejection,Automated,Rejected,5.0,,,
Syncwork,Data Analytics,HRworks,2026-02-07,2026-02-10,Rejection,Template (named sender),Rejected,3.0,,,
Hewlett Packard Enterprise,Data Analyst and Automation Internships (1201222),Workday,,2026-02-06,Rejection,Automated,Rejected,,,,
Lenovo,Inventory Analyst - Services Supply Chain,Avature,,2026-02-06,Interview invite,Automated,Rejected after interview,,,Yes,
Vertiv,Financial Analyst,Profesia,2026-02-06,,,No reply,Ghosted (no reply),,,,
Billdu,Data Analyst,Teamtailor,2026-02-05,2026-02-25,Rejection,Automated,Rejected,20.0,,,
PwC,Junior Data Analyst - Project with process mining (m/f),Workday,2026-02-05,2026-02-06,Rejection,Automated,Rejected,1.0,Yes,,
Zurich Insurance,Data Analyst for Rating Engines (125156),Zurich Careers,2026-02-05,2026-02-11,Rejection,Automated,Rejected,6.0,,,
AGROFERT group member (name not in snippet),Data analytik,Profesia,2026-02-04,,,No reply,Ghosted (no reply),,,,
"CAPITAL MARKETS, o.c.p., a.s.",Junior finančno-dátový analytik,Profesia,2026-02-04,,,No reply,Ghosted (no reply),,,,
Dopravný podnik Bratislava,Business analytik/čka,Profesia,2026-02-04,,,No reply,Ghosted (no reply),,,,
Privatbanka,Analytik finančných trhov - junior,Profesia,2026-02-04,,,No reply,Ghosted (no reply),,,,
Swiss Re,Investment Analyst (suitable for fresh graduates),Swiss Re Careers,2026-02-04,2026-02-05,Rejection,Automated,Rejected,1.0,Yes,,
Swiss Re,"Junior Financial Analyst (80-100%, Hybrid)",Swiss Re Careers,2026-02-04,2026-02-24,Rejection,Automated,Rejected,20.0,,,
UNIZDRAV Prešov,Commercial Product Analyst,Profesia,2026-02-04,,,No reply,Ghosted (no reply),,,,
(company not in snippet),Junior Účtovník (hybridný pracovný model) - Skvelá príležitosť aj pre absolventov s angličtinou B2! Pridajte sa k nám!,Profesia,2026-02-03,,,No reply,Ghosted (no reply),,,,
Accounti,Junior Digitálny účtovník/účtovníčka v Pohode,Profesia,2026-02-03,,,No reply,Ghosted (no reply),,,,
Bolder Group (Bolder Slovakia),Investment Fund Operations Associate,Profesia,2026-02-03,,,No reply,Ghosted (no reply),,,,
DÔVERA zdravotná poisťovňa,Dátový analytik/dátová analytička - BA,Profesia,2026-02-03,2026-02-23,Rejection,Template (named sender),Rejected,20.0,,,
Adient,Banking Specialist - PTP Banking,Workday,2026-02-02,2026-02-03,Rejection,Automated,Rejected,1.0,Yes,,
Dell Technologies,(likely Finance Graduate Program R283471),Dell Careers,2026-02-02,,,No reply,Ghosted (no reply),,,,
Henkel,Jr. Forecast Analyst (25086659),Henkel Careers,2026-02-02,2026-02-11,Rejection,Automated,Rejected,9.0,,,
KRALO,Asistent v oblasti finančných služieb,Profesia,2026-02-02,2026-02-11,Rejection,Template (named sender),Rejected,9.0,,,
Mondelēz International,MDS Management Assistant (R-123450),Workday,2026-02-02,2026-03-26,Rejection,Automated,Rejected,52.0,,,
PwC,AR & Billing Specialist (m/f) - all levels of seniority,Workday,2026-02-02,2026-02-04,Rejection,Automated,Rejected,2.0,,,
PwC,Junior Consultant – State Aid & EU Funds (m/f),Workday,2026-02-02,2026-02-10,Rejection,Automated,Rejected,8.0,,,
PwC,"Junior Deals Consultant – Buď pri rozhodnutiach, ktoré menia trh (m/ž)",Workday,2026-02-02,,,No reply,Ghosted (no reply),,,,
PwC,Junior Financial Risk Consultant (m/f),Workday,2026-02-02,,,No reply,Ghosted (no reply),,,,
PwC,Junior audítor - Objav svet biznisu (m/ž),Workday,2026-02-02,2026-02-03,Rejection,Automated,Rejected,1.0,Yes,,
Amazon,"Senior Finance Analyst - HE, AWS Accounts Receivables (3152503)",Amazon Jobs,2026-02-01,2026-02-01,Assessment / test,Automated,Rejected after assessment,0.0,,,Yes
Caterpillar,Junior Data Analyst (R0000338176),Workday,2026-02-01,2026-02-04,Rejection,Automated,Rejected,3.0,,,
Clarios,AP Accountant,Workday,2026-02-01,2026-02-02,Rejection,Automated,Rejected,1.0,Yes,,
Clarios,AP Travel & Expense Accountant,Workday,2026-02-01,2026-02-05,Rejection,Automated,Rejected,4.0,,,
Freshfields,Accounts Payable Analyst,Profesia,2026-02-01,,,No reply,Ghosted (no reply),,,,
IQVIA,"Site Solutions Analyst, Clinical Trial Payments (R1510350)",Workday,2026-02-01,2026-02-03,Rejection,Automated,Rejected,2.0,,,
ITALMARKET SLOVAKIA,Pomocný účtovník/Evidentka faktúr (Borinka),Profesia,2026-02-01,,,No reply,Ghosted (no reply),,,,
Sutherland,Associate - Back Office Analyst,SmartRecruiters,2026-02-01,,,No reply,Ghosted (no reply),,,,
Synpulse,Pricing Analyst (Junior),Profesia,2026-02-01,2026-02-09,Rejection,Automated,Rejected,8.0,,,
BENCONT FINANCE,Junior analytik,Profesia,2026-01-31,,,No reply,Ghosted (no reply),,,,
PwC,Credit and Collection Support (m/f),Workday,2026-01-31,2026-02-02,Rejection,Automated,Rejected,2.0,,,
CINEMAX,CINEMAX hľadá Junior Data analytika/ čku,Profesia,2026-01-30,2026-03-12,Rejection,Template (named sender),Rejected,41.0,,,
Etops SK,Investment Operations Analyst,Profesia,2026-01-30,,,No reply,Ghosted (no reply),,,,
Henkel,Data Pricing Analyst (25089592),Henkel Careers,2026-01-30,2026-02-17,Rejection,Automated,Rejected,18.0,,,
PwC,Junior účtovník/čka pre pobočky PwC,Workday,2026-01-30,,,No reply,Ghosted (no reply),,,,
Swiss Re,Costing & Data Associate,Swiss Re Careers,,2026-01-30,Rejection,Automated,Rejected,,,,
AT&T,Senior Data Analyst (R-97800),Workday,2026-01-28,2026-02-19,Interview invite,Personal,Rejected after interview,22.0,,Yes,
Swiss Re,Business Analyst Associate (Hybrid),Swiss Re Careers,2026-01-27,2026-02-02,Assessment / test,Automated,Rejected after assessment,6.0,,,Yes
Swiss Re,Compliance Associate (temporary),Swiss Re Careers,2026-01-27,2026-02-02,Rejection,Automated,Rejected,6.0,,,
Swiss Re,Investment Analyst (suitable for fresh graduates),Swiss Re Careers,2026-01-27,2026-02-02,Rejection,Automated,Rejected,6.0,,,
Swiss Re,Junior IT Business Analyst,Swiss Re Careers,2026-01-27,2026-01-30,Rejection,Automated,Rejected,3.0,,,
Hilti,Starte deine Karriere bei Hilti - Vertriebsinnendienst (30h bis Vollzeit) (12411),Hilti Careers,2026-01-22,2026-02-09,Rejection,Automated,Rejected,18.0,,,
KONE,Obchodný zástupca (R0656451),Workday,2026-01-17,,,No reply,Ghosted (no reply),,,,
Deloitte,Asistent/ka partnera na oddelení auditu,Deloitte CE Careers,2026-01-16,2026-01-20,Rejection,Automated,Rejected,4.0,,,
Deloitte,Purchase To Pay Analyst with German or Danish,Deloitte CE Careers,2026-01-16,2026-01-23,Rejection,Automated,Rejected,7.0,,,
BNP Paribas,Finance Controller (1111111111111250),BNP Paribas Careers,2026-01-14,2026-01-28,Rejection,Automated,Rejected,14.0,,,
Wolt,Payroll Associate,Greenhouse,2026-01-14,2026-01-27,Rejection,Automated,Rejected,13.0,,,
Deloitte,Junior konzultant - fúzie a akvizície,Deloitte CE Careers,2026-01-09,2026-01-14,Rejection,Automated,Rejected,5.0,,,
Mondelēz International,Taste The Future - Junior Management Program in Finance (R-154041),Workday,2026-01-09,2026-02-05,Rejection,Automated,Rejected,27.0,,,
Hilti,Hilti Outperformer Program - Business Track (14608),Hilti Careers,2026-01-04,2026-01-06,Rejection,Automated,Rejected,2.0,,,
Covestro,Junior Accountant General Accounting Tax Operations,Workday,2026-01-02,2026-02-03,Rejection,Automated,Rejected,32.0,,,
Nexi,Graduate Program IT,Nexi Careers,2026-01-02,,,No reply,Ghosted (no reply),,,,
Zurich Insurance,Pricing Analyst (128950),Zurich Careers,2026-01-02,2026-01-08,Rejection,Automated,Rejected,6.0,,,
