metric,value,source
"Job postings Slovakia, 2025",249136,Profesia 2025 annual report
"Job postings Slovakia, H1 2026",117830,Profesia H1 2026 report
Postings Jul 2025 - Jun 2026 (estimate),229954,H2 2025 + H1 2026
Bratislava region share of postings,0.354,"Alma Career, 2025 in data"
"Finance & accounting postings, Bratislava region, 12 months (estimate)",7673,Profesia live snapshot 26 Sep 2026 applied to 12-month total
"Applications per posting, 2025",29,Profesia 2025
"Applications per posting, H1 2026",36,Profesia H1 2026
Bratislava finance ads naming English,0.47,Profesia snapshot 26 Sep 2026 (270 of 574)
Bratislava finance ads naming Slovak,0.32,Profesia snapshot (186 of 574)
Bratislava finance ads naming Czech,0.14,Profesia snapshot (83 of 574)
Bratislava finance ads naming German,0.08,Profesia snapshot (44 of 574)
Postings open to graduates 2019 / 2025,36% / 29%,"TASR, Apr 2026"
Graduate postings still asking for experience 2019 / 2026,39% / ~50%,"TASR, Apr 2026"
"Business & administration graduates Slovakia, 2024",5412,Eurostat educ_uoe_grad02 (F041)
"Accounting & taxation graduates Slovakia, 2024",282,Eurostat educ_uoe_grad02 (F0411)
